Frakmt,Kommune
50-0 21/0346 Højre,Aabenrå
50-0 6/0221 Venstre,Aabenrå
50-0 20/0969 Venstre,Aabenrå
50-12 36/0886 Højre,Aabenrå
50-0 33/0006 Venstre,Aabenrå
50-4 22/0733 Venstre,Aabenrå
50-3 30/0231 Højre,Aabenrå
50-0 37/0619 Højre,Aabenrå
50-0 9/0290 Venstre,Aabenrå
50-0 14/0832 Venstre,Aabenrå
51-0 11/0073 Højre,Aabenrå
50-0 38/0403 Venstre,Aabenrå
50-0 39/0201 Venstre,Aabenrå
50-2 24/0338 Venstre,Aabenrå
50-0 21/0674 Højre,Aabenrå
50-0 19/0292 Højre,Aabenrå
50-0 11/0335 Venstre,Aabenrå
50-2 23/0589 Venstre,Aabenrå
51-0 8/0309 Højre,Aabenrå
50-0 33/0580 Højre,Aabenrå
51-0 7/0832 Højre,Aabenrå
51-0 13/0958 Højre,Aabenrå
50-0 34/0996 Højre,Aabenrå
50-0 31/0387 Venstre,Aabenrå
50-5 16/0100 Højre,Aabenrå
50-0 1/0812 Højre,Aabenrå
50-0 11/0275 Venstre,Aabenrå
50-11 25/0800 Højre,Aabenrå
50-0 7/0898 Højre,Aabenrå
50-0 13/0855 Højre,Aabenrå
51-0 8/0431 Højre,Aabenrå
50-6 16/0500 Venstre,Aabenrå
51-0 2/0988 Venstre,Aabenrå
51-0 4/0147 Venstre,Aabenrå
50-0 17/0441 Venstre,Aabenrå
50-0 29/0679 Venstre,Aabenrå
50-0 33/0341 Venstre,Aabenrå
50-0 26/0505 Venstre,Aabenrå
50-0 27/0416 Højre,Aabenrå
50-0 4/0242 Venstre,Aabenrå
50-0 8/0563 Højre,Aabenrå
51-0 2/0457 Højre,Aabenrå
50-0 28/0425 Højre,Aabenrå
51-5 6/0100 Højre,Aabenrå
51-0 3/0197 Venstre,Aabenrå
50-0 0/0540 Venstre,Aabenrå
50-3 16/0640 Højre,Aabenrå
50-0 8/0562 Venstre,Aabenrå
50-0 9/0517 Højre,Aabenrå
50-0 12/0735 Venstre,Aabenrå
51-0 12/0177 Højre,Aabenrå
50-0 2/0924 Venstre,Aabenrå
50-0 9/0494 Venstre,Aabenrå
50-0 10/0761 Venstre,Aabenrå
50-6 16/0331 Venstre,Aabenrå
50-0 31/0594 Venstre,Aabenrå
50-0 22/0159 Højre,Aabenrå
70-5 284/0622 Højre,Aalborg
70-0 284/0055 Venstre,Aalborg
90-0 2/0399 Venstre,Aalborg
90-0 9/0971 Højre,Aalborg
90-0 10/0054 Højre,Aalborg
70-0 293/0544 Venstre,Aalborg
90-0 15/0946 Venstre,Aalborg
80-0 302/0875 Højre,Aalborg
70-2 292/0517 Højre,Aalborg
70-0 277/0104 Venstre,Aalborg
70-0 274/0033 Venstre,Aalborg
70-5 278/0060 Højre,Aalborg
90-0 2/0416 Højre,Aalborg
70-0 295/0000 Højre,Aalborg
80-0 306/0850 Venstre,Aalborg
80-0 307/0904 Venstre,Aalborg
90-0 15/0773 Højre,Aalborg
70-0 275/0481 Venstre,Aalborg
90-0 9/0322 Højre,Aalborg
90-0 11/0500 Venstre,Aalborg
80-0 301/0140 Venstre,Aalborg
80-0 300/0181 Højre,Aalborg
90-0 3/0346 Højre,Aalborg
90-0 13/0048 Venstre,Aalborg
90-0 13/0156 Venstre,Aalborg
70-0 289/0354 Højre,Aalborg
70-0 284/0833 Højre,Aalborg
70-0 273/0453 Venstre,Aalborg
90-0 13/0475 Venstre,Aalborg
70-0 288/0157 Højre,Aalborg
90-6 7/0298 Venstre,Aalborg
90-0 5/0116 Højre,Aalborg
80-0 306/0683 Højre,Aalborg
90-0 6/0083 Venstre,Aalborg
90-0 6/0241 Højre,Aalborg
70-6 285/0911 Venstre,Aalborg
70-0 293/0943 Højre,Aalborg
80-0 305/0819 Højre,Aalborg
80-0 304/0376 Højre,Aalborg
90-0 14/0159 Venstre,Aalborg
90-0 5/0331 Venstre,Aalborg
12-0 14/0800 Venstre,Albertslund
4-0 4/0300 Venstre,Albertslund
12-6 13/0984 Venstre,Albertslund
4-0 4/0500 Venstre,Albertslund
4-3 5/0720 Højre,Albertslund
12-0 13/0095 Højre,Albertslund
12-4 13/0700 Venstre,Albertslund
12-5 13/0770 Højre,Albertslund
4-2 0/1468 Venstre,Albertslund
13-0 23/0940 Højre,Allerød
13-5 27/0570 Højre,Allerød
13-0 29/0600 Højre,Allerød
13-6 26/0940 Venstre,Allerød
13-6 26/0880 Venstre,Allerød
13-0 28/0420 Højre,Allerød
13-0 28/0840 Venstre,Allerød
13-0 23/0360 Venstre,Allerød
13-0 23/0380 Højre,Allerød
13-0 26/0320 Højre,Allerød
70-0 190/0184 Højre,århus
60-0 176/0593 Venstre,århus
60-0 173/0522 Venstre,århus
66-0 13/0952 Højre,århus
61-0 166/0932 Højre,århus
70-0 182/0681 Venstre,århus
407-0 9/0968 Venstre,århus
407-0 13/0140 Venstre,århus
72-5 3/0845 Venstre,århus
72-3 3/0219 Højre,århus
60-0 168/0464 Venstre,århus
60-0 170/0399 Venstre,århus
72-0 14/0987 Højre,århus
72-0 11/0607 Højre,århus
60-0 173/0040 Venstre,århus
61-0 167/0329 Venstre,århus
70-0 188/0795 Venstre,århus
72-0 0/0803 Højre,århus
70-0 183/0983 Højre,århus
60-0 171/0357 Højre,århus
61-0 168/0304 Højre,århus
72-0 3/0544 Venstre,århus
60-0 167/0295 Venstre,århus
72-0 13/0249 Højre,århus
61-5 169/0641 Venstre,århus
72-0 5/0168 Højre,århus
72-3 7/0790 Højre,århus
61-0 170/0778 Venstre,århus
66-0 11/0434 Venstre,århus
66-0 15/0592 Venstre,århus
60-0 169/0677 Venstre,århus
72-0 15/0680 Højre,århus
60-0 178/0095 Venstre,århus
60-0 171/0993 Venstre,århus
61-0 170/0103 Venstre,århus
61-0 173/0889 Højre,århus
72-0 10/0572 Højre,århus
72-0 11/0483 Højre,århus
72-0 7/0153 Højre,århus
72-0 13/0327 Venstre,århus
72-0 6/0491 Højre,århus
70-0 185/0608 Højre,århus
66-0 11/0561 Venstre,århus
66-0 12/0137 Venstre,århus
61-0 169/0311 Højre,århus
72-0 8/0272 Højre,århus
61-0 173/0837 Venstre,århus
61-0 169/0786 Venstre,århus
72-0 5/0247 Højre,århus
60-0 170/0281 Venstre,århus
60-0 174/0544 Venstre,århus
60-0 177/0017 Højre,århus
60-0 176/0975 Højre,århus
60-0 180/0560 Venstre,århus
61-0 173/0013 Højre,århus
40-0 178/0959 Venstre,Assens
40-0 181/0395 Venstre,Assens
40-0 179/0813 Venstre,Assens
40-0 185/0165 Venstre,Assens
40-0 175/0573 Venstre,Assens
40-0 177/0764 Venstre,Assens
40-0 183/0687 Højre,Assens
40-0 183/0707 Venstre,Assens
40-6 176/0294 Venstre,Assens
40-0 184/0693 Venstre,Assens
40-0 179/0404 Venstre,Assens
40-0 183/0567 Højre,Assens
40-0 182/0039 Venstre,Assens
40-0 174/0286 Venstre,Assens
40-0 184/0364 Venstre,Assens
40-0 185/0941 Venstre,Assens
12-0 14/0950 Venstre,Ballerup
4-6 6/0365 Højre,Ballerup
4-4 6/0094 Højre,Ballerup
522-0 21/0330 Venstre,Ballerup
4-4 6/0203 Venstre,Ballerup
363-0 26/0022 Venstre,Billund
3-8 54/0227 Midt,Brøndby
3-0 49/0574 Venstre,Brøndby
3-0 51/0101 Højre,Brøndby
3-1 54/0426 Højre,Brøndby
10-0 11/0358 Højre,Brøndby
10-0 12/0620 Højre,Brøndby
11-4 8/0557 Venstre,Brøndby
80-0 314/0460 Venstre,Brønderslev
90-0 21/0817 Venstre,Brønderslev
90-0 25/0775 Højre,Brønderslev
90-0 26/0668 Venstre,Brønderslev
90-0 27/0568 Højre,Brønderslev
80-0 310/0320 Højre,Brønderslev
80-0 328/0868 Højre,Brønderslev
80-0 310/0601 Højre,Brønderslev
80-0 319/0732 Venstre,Brønderslev
80-0 309/0269 Venstre,Brønderslev
90-0 18/0280 Venstre,Brønderslev
80-0 321/0901 Højre,Brønderslev
90-0 18/0498 Højre,Brønderslev
80-0 316/0001 Venstre,Brønderslev
80-0 318/0457 Venstre,Brønderslev
80-0 325/0244 Venstre,Brønderslev
80-0 324/0165 Højre,Brønderslev
80-0 328/0693 Venstre,Brønderslev
80-0 315/0817 Højre,Brønderslev
90-0 24/0847 Højre,Brønderslev
80-0 326/0419 Højre,Brønderslev
80-0 323/0752 Højre,Brønderslev
80-0 325/0994 Venstre,Brønderslev
80-0 311/0987 Højre,Brønderslev
90-0 19/0953 Højre,Brønderslev
80-0 322/0538 Højre,Brønderslev
522-0 30/0230 Venstre,Egedal
522-0 30/0260 Højre,Egedal
522-0 33/0150 Højre,Egedal
522-0 31/0540 Højre,Egedal
522-0 24/0771 Venstre,Egedal
135-0 26/0310 Venstre,Egedal
522-0 22/0000 Højre,Egedal
522-0 23/0271 Højre,Egedal
12-0 16/0000 Venstre,Egedal
522-0 30/0840 Højre,Egedal
522-0 23/0140 Venstre,Egedal
522-0 28/0710 Højre,Egedal
12-0 16/0400 Venstre,Egedal
135-0 26/0909 Højre,Egedal
135-0 24/0380 Venstre,Egedal
135-0 26/0910 Venstre,Egedal
135-0 26/0500 Venstre,Egedal
331-0 7/0430 Venstre,Esbjerg
52-0 284/0584 Højre,Esbjerg
52-0 276/0775 Venstre,Esbjerg
52-0 270/0126 Højre,Esbjerg
52-0 278/0564 Højre,Esbjerg
52-0 279/0528 Venstre,Esbjerg
52-0 280/0278 Højre,Esbjerg
52-0 289/0618 Højre,Esbjerg
332-0 39/0094 Højre,Esbjerg
52-0 273/0380 Højre,Esbjerg
52-0 272/0473 Højre,Esbjerg
52-0 275/0238 Højre,Esbjerg
52-0 271/0909 Højre,Esbjerg
52-0 267/0807 Venstre,Esbjerg
52-0 286/0611 Venstre,Esbjerg
327-0 2/0439 Højre,Esbjerg
327-0 2/0501 Højre,Esbjerg
332-7 41/0733 Højre,Esbjerg
52-0 275/0360 Venstre,Esbjerg
332-0 35/0458 Højre,Esbjerg
331-0 2/0834 Højre,Esbjerg
331-0 2/0113 Højre,Esbjerg
332-0 23/0040 Venstre,Esbjerg
332-7 39/0561 Højre,Esbjerg
327-0 1/0431 Venstre,Esbjerg
331-0 1/0613 Højre,Esbjerg
41-0 13/0906 Højre,Fåborg-Midtfyn
41-0 12/0342 Højre,Fåborg-Midtfyn
41-0 13/0060 Venstre,Fåborg-Midtfyn
41-0 25/0310 Venstre,Fåborg-Midtfyn
41-0 23/0725 Venstre,Fåborg-Midtfyn
41-0 18/0420 Højre,Fåborg-Midtfyn
41-0 17/0395 Venstre,Fåborg-Midtfyn
41-0 15/0331 Højre,Fåborg-Midtfyn
41-0 20/0354 Venstre,Fåborg-Midtfyn
521-0 29/0000 Venstre,Fåborg-Midtfyn
41-0 29/0614 Venstre,Fåborg-Midtfyn
704-0 24/0307 Venstre,Fåborg-Midtfyn
521-0 15/0769 Højre,Fåborg-Midtfyn
41-0 21/0467 Højre,Fåborg-Midtfyn
41-3 18/0340 Højre,Fåborg-Midtfyn
41-0 28/0400 Højre,Fåborg-Midtfyn
41-0 22/0592 Venstre,Fåborg-Midtfyn
41-6 20/0934 Venstre,Fåborg-Midtfyn
205-0 27/0020 Højre,Fåborg-Midtfyn
714-0 27/0346 Venstre,Fåborg-Midtfyn
704-0 23/1065 Venstre,Fåborg-Midtfyn
41-0 27/0360 Højre,Fåborg-Midtfyn
521-0 29/0525 Venstre,Fåborg-Midtfyn
41-0 27/0500 Højre,Fåborg-Midtfyn
41-0 21/0511 Højre,Fåborg-Midtfyn
521-0 9/0548 Højre,Fåborg-Midtfyn
521-0 10/0911 Højre,Fåborg-Midtfyn
521-0 13/0613 Venstre,Fåborg-Midtfyn
41-0 21/0409 Højre,Fåborg-Midtfyn
41-0 26/0064 Højre,Fåborg-Midtfyn
521-0 28/0616 Venstre,Fåborg-Midtfyn
521-0 9/0868 Højre,Fåborg-Midtfyn
714-0 25/0738 Højre,Fåborg-Midtfyn
714-0 26/0467 Venstre,Fåborg-Midtfyn
70-0 187/0334 Højre,Favrskov
70-0 195/0897 Venstre,Favrskov
70-0 197/0337 Højre,Favrskov
70-0 199/0806 Venstre,Favrskov
407-0 25/0226 Højre,Favrskov
407-0 25/0227 Venstre,Favrskov
407-0 25/0486 Venstre,Favrskov
407-0 24/0501 Højre,Favrskov
407-0 19/0661 Højre,Favrskov
407-0 25/0496 Højre,Favrskov
407-0 26/0844 Højre,Favrskov
60-0 181/0139 Højre,Favrskov
407-0 17/0580 Højre,Favrskov
70-0 184/0823 Venstre,Favrskov
407-0 21/0598 Højre,Favrskov
60-6 181/0968 Højre,Favrskov
70-0 193/0846 Højre,Favrskov
70-0 193/0060 Venstre,Favrskov
70-0 190/0929 Venstre,Favrskov
70-0 187/0548 Højre,Favrskov
60-7 182/0420 Højre,Favrskov
60-7 181/0738 Venstre,Favrskov
407-0 20/0598 Højre,Favrskov
30-0 58/0865 Venstre,Faxe
30-0 61/0960 Venstre,Faxe
30-0 63/0270 Venstre,Faxe
30-0 57/0900 Venstre,Faxe
30-0 55/0460 Venstre,Faxe
30-0 60/0200 Venstre,Faxe
30-0 63/0880 Venstre,Faxe
30-0 65/0470 Venstre,Faxe
30-0 65/0480 Højre,Faxe
30-0 66/0680 Venstre,Faxe
30-0 67/0590 Venstre,Faxe
30-0 68/0083 Venstre,Faxe
30-0 63/0907 Højre,Faxe
14-6 9/0420 Højre,Fredensborg
14-0 12/0875 Venstre,Fredensborg
14-0 13/0625 Venstre,Fredensborg
14-0 10/0960 Højre,Fredensborg
14-0 16/0666 Højre,Fredensborg
14-4 19/0075 Venstre,Fredensborg
14-0 14/0800 Venstre,Fredensborg
14-0 18/0559 Venstre,Fredensborg
60-5 89/0572 Højre,Fredericia
60-0 95/0114 Højre,Fredericia
60-0 95/0855 Venstre,Fredericia
60-1 88/0583 Venstre,Fredericia
60-0 90/0579 Højre,Fredericia
60-0 94/0197 Højre,Fredericia
40-3 210/0729 Højre,Fredericia
528-0 17/0362 Venstre,Fredericia
40-0 216/0560 Højre,Fredericia
40-0 209/0400 Venstre,Fredericia
60-0 92/0408 Venstre,Fredericia
60-0 93/0374 Venstre,Fredericia
40-0 213/0420 Højre,Fredericia
60-0 95/0294 Venstre,Fredericia
60-0 92/0345 Højre,Fredericia
528-0 18/0388 Venstre,Fredericia
50-1 96/0482 Venstre,Fredericia
528-0 17/0361 Højre,Fredericia
50-0 94/0061 Venstre,Fredericia
50-0 94/0846 Højre,Fredericia
50-0 95/0131 Venstre,Fredericia
50-0 95/0688 Højre,Fredericia
80-0 345/0059 Højre,Frederikshavn
80-0 339/0871 Højre,Frederikshavn
80-0 346/0998 Højre,Frederikshavn
80-0 340/0447 Venstre,Frederikshavn
80-0 342/0929 Venstre,Frederikshavn
80-0 332/0243 Venstre,Frederikshavn
80-0 338/0621 Højre,Frederikshavn
80-0 335/0786 Højre,Frederikshavn
80-0 334/0521 Højre,Frederikshavn
80-0 336/0369 Venstre,Frederikshavn
80-0 346/0114 Højre,Frederikshavn
80-0 338/0701 Højre,Frederikshavn
80-0 344/0305 Højre,Frederikshavn
80-0 330/0605 Venstre,Frederikshavn
80-0 331/0437 Højre,Frederikshavn
80-0 333/0160 Venstre,Frederikshavn
80-0 337/0653 Højre,Frederikshavn
80-0 341/0300 Venstre,Frederikshavn
522-0 36/0800 Venstre,Frederikssund
522-0 36/0027 Højre,Frederikssund
522-0 38/0209 Højre,Frederikssund
522-0 38/0040 Venstre,Frederikssund
522-0 36/0323 Højre,Frederikssund
143-0 1/0875 Venstre,Frederikssund
143-0 1/0970 Venstre,Frederikssund
143-0 5/0550 Venstre,Frederikssund
143-0 5/0337 Venstre,Frederikssund
143-0 7/0989 Venstre,Frederikssund
143-0 7/0927 Højre,Frederikssund
522-0 41/0861 Venstre,Frederikssund
143-0 7/0006 Venstre,Frederikssund
143-0 3/0420 Venstre,Frederikssund
522-0 38/0778 Venstre,Frederikssund
142-0 13/0800 Højre,Frederikssund
142-0 14/0140 Højre,Frederikssund
142-0 11/0100 Venstre,Frederikssund
142-0 7/0240 Venstre,Frederikssund
142-0 5/0571 Venstre,Frederikssund
522-0 41/0046 Venstre,Frederikssund
522-0 40/0851 Højre,Frederikssund
142-0 12/0200 Venstre,Frederikssund
142-0 4/0700 Venstre,Frederikssund
142-0 6/0300 Højre,Frederikssund
522-0 43/0300 Højre,Frederikssund
13-0 22/0469 Højre,Furesø
13-1 15/0560 Højre,Furesø
13-0 21/0700 Venstre,Furesø
13-0 20/0140 Venstre,Furesø
3-0 37/0256 Højre,Gentofte
13-0 8/0419 Venstre,Gladsaxe
3-0 40/0837 Venstre,Gladsaxe
3-0 39/0797 Højre,Gladsaxe
3-0 38/0416 Venstre,Gladsaxe
3-0 40/0938 Venstre,Gladsaxe
13-0 10/0900 Højre,Gladsaxe
3-0 42/0002 Højre,Gladsaxe
3-0 42/0811 Højre,Gladsaxe
3-0 41/0673 Højre,Gladsaxe
3-0 38/0911 Venstre,Gladsaxe
3-0 48/0740 Højre,Glostrup
12-6 11/0200 Venstre,Glostrup
12-1 10/0100 Venstre,Glostrup
12-3 9/0801 Højre,Glostrup
12-4 11/0600 Venstre,Glostrup
12-0 12/0000 Venstre,Glostrup
10-0 19/0100 Venstre,Greve
10-0 22/0580 Venstre,Greve
10-0 24/0713 Venstre,Greve
10-0 26/0625 Venstre,Greve
10-0 19/0620 Højre,Greve
10-0 22/0570 Højre,Greve
10-0 23/0609 Venstre,Greve
10-0 23/0910 Højre,Greve
10-0 27/0031 Venstre,Greve
10-0 20/0896 Højre,Greve
10-0 21/0316 Venstre,Greve
10-0 21/0200 Venstre,Greve
10-0 21/0782 Venstre,Greve
10-0 21/0097 Højre,Greve
10-0 24/0550 Venstre,Greve
30-0 116/0320 Venstre,Guldborgsund
30-0 123/0700 Højre,Guldborgsund
30-0 118/0010 Venstre,Guldborgsund
30-0 118/0760 Højre,Guldborgsund
30-0 123/0780 Højre,Guldborgsund
30-0 108/0303 Venstre,Guldborgsund
30-0 127/0430 Højre,Guldborgsund
30-0 122/0969 Højre,Guldborgsund
507-0 6/0540 Venstre,Guldborgsund
30-0 108/0313 Højre,Guldborgsund
30-0 113/0074 Højre,Guldborgsund
30-0 121/0500 Venstre,Guldborgsund
30-0 113/0743 Venstre,Guldborgsund
507-0 4/0000 Venstre,Guldborgsund
507-0 3/0900 Venstre,Guldborgsund
30-0 125/0780 Venstre,Guldborgsund
507-0 1/0574 Venstre,Guldborgsund
30-0 129/0800 Højre,Guldborgsund
30-0 110/0211 Højre,Guldborgsund
30-0 126/0391 Højre,Guldborgsund
30-0 120/0700 Venstre,Guldborgsund
507-0 2/0280 Højre,Guldborgsund
30-0 105/0480 Højre,Guldborgsund
30-0 116/0560 Højre,Guldborgsund
30-0 120/0440 Venstre,Guldborgsund
30-0 129/0680 Venstre,Guldborgsund
30-0 115/0830 Højre,Guldborgsund
30-0 110/0253 Venstre,Guldborgsund
30-0 121/0810 Venstre,Guldborgsund
30-0 131/0680 Venstre,Guldborgsund
507-3 5/0320 Højre,Guldborgsund
30-0 114/0726 Højre,Guldborgsund
30-0 111/0040 Højre,Guldborgsund
30-0 120/0100 Venstre,Guldborgsund
50-0 54/0749 Venstre,Haderslev
50-0 61/0204 Venstre,Haderslev
50-0 62/0496 Højre,Haderslev
50-0 51/0247 Venstre,Haderslev
50-0 53/0872 Højre,Haderslev
50-0 46/0103 Højre,Haderslev
50-0 40/0261 Venstre,Haderslev
50-0 47/0566 Højre,Haderslev
50-0 61/0543 Venstre,Haderslev
50-0 55/0910 Venstre,Haderslev
50-0 60/0076 Venstre,Haderslev
50-0 40/0714 Venstre,Haderslev
50-0 42/0320 Venstre,Haderslev
50-0 45/0700 Venstre,Haderslev
50-0 58/0366 Højre,Haderslev
50-0 47/0236 Højre,Haderslev
50-0 51/0749 Højre,Haderslev
50-0 49/0700 Højre,Haderslev
50-0 53/0166 Venstre,Haderslev
50-0 45/0087 Venstre,Haderslev
50-0 49/0324 Venstre,Haderslev
50-0 52/0689 Højre,Haderslev
50-0 47/0503 Venstre,Haderslev
50-0 42/0994 Venstre,Haderslev
106-0 16/0978 Højre,Halsnæs
600338-0 91/0686 Højre,Hedensted
600338-0 92/0099 Højre,Hedensted
60-0 129/0905 Højre,Hedensted
60-0 122/0416 Venstre,Hedensted
338-0 11/0866 Højre,Hedensted
64-3 13/0360 Højre,Hedensted
60-0 115/0103 Venstre,Hedensted
60-0 120/0505 Højre,Hedensted
60-0 123/0223 Venstre,Hedensted
64-0 7/0425 Venstre,Hedensted
600338-0 99/0766 Venstre,Hedensted
64-0 9/0977 Venstre,Hedensted
60-11 125/0540 Højre,Hedensted
600338-0 98/0653 Højre,Hedensted
600338-0 99/0785 Højre,Hedensted
60-0 128/0309 Venstre,Hedensted
64-0 9/0044 Højre,Hedensted
60-0 124/0146 Højre,Hedensted
64-0 11/0743 Højre,Hedensted
60-12 126/0450 Venstre,Hedensted
64-0 12/0460 Venstre,Hedensted
60-0 117/0954 Højre,Hedensted
64-0 11/0477 Højre,Hedensted
64-0 4/0267 Venstre,Hedensted
64-0 12/0360 Venstre,Hedensted
64-0 8/0011 Venstre,Hedensted
64-3 13/0445 Højre,Hedensted
64-0 5/0609 Venstre,Hedensted
64-7 12/0280 Højre,Hedensted
348-0 17/0700 Højre,Hedensted
600338-0 88/0634 Venstre,Hedensted
600338-0 87/0278 Højre,Hedensted
600338-0 93/0047 Højre,Hedensted
600338-0 96/0168 Højre,Hedensted
64-0 11/0684 Venstre,Hedensted
64-0 15/0092 Højre,Hedensted
600338-0 96/0880 Højre,Hedensted
60-0 121/0115 Højre,Hedensted
60-0 121/0164 Højre,Hedensted
60-0 115/0921 Venstre,Hedensted
600338-0 94/0614 Venstre,Hedensted
338-0 11/0744 Venstre,Hedensted
60-0 128/0771 Højre,Hedensted
60-0 126/0972 Højre,Hedensted
14-0 6/0565 Venstre,Helsingør
14-0 7/0294 Venstre,Helsingør
109-0 41/0170 Venstre,Helsingør
3-0 43/0097 Venstre,Herlev
3-0 43/0406 Højre,Herlev
64-0 62/0618 Højre,Herning
64-0 58/0658 Venstre,Herning
429-0 31/0605 Højre,Herning
429-0 27/0978 Venstre,Herning
66-0 76/0776 Venstre,Herning
66-0 78/0080 Venstre,Herning
66-0 79/0058 Højre,Herning
66-0 79/0855 Højre,Herning
66-0 81/0274 Højre,Herning
66-0 83/0214 Højre,Herning
68-0 45/0025 Venstre,Herning
68-0 45/0425 Venstre,Herning
370-0 22/0196 Venstre,Herning
429-0 23/0682 Højre,Herning
64-0 56/0139 Venstre,Herning
64-0 68/0162 Midt,Herning
64-0 73/0111 Højre,Herning
64-0 70/0516 Højre,Herning
64-3 76/0070 Højre,Herning
429-0 23/0705 Venstre,Herning
429-0 26/0342 Venstre,Herning
429-0 26/0377 Venstre,Herning
429-4 31/0577 Venstre,Herning
429-5 31/0523 Højre,Herning
429-0 26/0417 Venstre,Herning
429-0 29/0550 Venstre,Herning
68-0 47/0861 Venstre,Herning
370-0 2/0754 Venstre,Herning
429-0 9/0951 Højre,Herning
429-0 8/0956 Højre,Herning
68-0 46/0956 Venstre,Herning
429-0 10/0052 Venstre,Herning
64-6 66/0992 Venstre,Herning
64-0 60/0804 Venstre,Herning
68-0 32/0864 Højre,Herning
68-0 33/0034 Højre,Herning
68-5 37/0387 Højre,Herning
68-0 35/0223 Højre,Herning
68-0 35/0674 Venstre,Herning
68-0 34/0044 Højre,Herning
68-0 31/0325 Højre,Herning
68-5 37/0666 Højre,Herning
64-0 71/0668 Venstre,Herning
64-0 58/0674 Venstre,Herning
68-3 39/0928 Højre,Herning
64-0 53/0305 Højre,Herning
64-0 49/0762 Venstre,Herning
64-0 52/0445 Højre,Herning
429-0 19/0321 Venstre,Herning
429-0 9/0067 Højre,Herning
429-0 17/0015 Venstre,Herning
64-0 55/0037 Venstre,Herning
64-0 54/0443 Højre,Herning
64-0 62/0220 Højre,Herning
64-0 74/0023 Højre,Herning
64-0 53/0563 Højre,Herning
64-0 51/0287 Venstre,Herning
64-0 48/0744 Venstre,Herning
64-0 47/0172 Venstre,Herning
429-0 6/0960 Højre,Herning
68-0 43/0012 Venstre,Herning
429-0 6/0954 Venstre,Herning
68-0 40/0711 Højre,Herning
66-0 82/0174 Højre,Herning
429-0 8/0149 Højre,Herning
429-0 22/0959 Venstre,Herning
68-0 44/0227 Venstre,Herning
64-0 59/0400 Højre,Herning
64-0 66/0210 Venstre,Herning
64-6 64/0676 Venstre,Herning
64-0 66/0357 Venstre,Herning
64-0 65/0473 Højre,Herning
64-4 67/0646 Højre,Herning
68-0 38/0563 Højre,Herning
68-0 46/0020 Højre,Herning
404-0 39/0885 Højre,Herning
370-0 10/0500 Højre,Herning
64-0 58/0111 Højre,Herning
64-0 62/0211 Højre,Herning
64-0 57/0011 Højre,Herning
64-0 59/0377 Højre,Herning
64-0 58/0181 Højre,Herning
68-0 36/0261 Højre,Herning
68-6 37/0062 Højre,Herning
64-0 79/0497 Venstre,Herning
64-0 79/0585 Højre,Herning
64-0 87/0453 Højre,Herning
64-0 88/0958 Venstre,Herning
64-0 63/0415 Højre,Herning
64-5 75/0954 Venstre,Herning
64-0 74/0142 Højre,Herning
64-0 70/0034 Højre,Herning
64-5 63/0880 Højre,Herning
64-0 84/0341 Venstre,Herning
64-0 86/0663 Venstre,Herning
64-0 82/0827 Venstre,Herning
64-0 86/0531 Venstre,Herning
64-0 85/0646 Venstre,Herning
64-0 78/0327 Venstre,Herning
64-0 83/0605 Højre,Herning
64-0 81/0477 Venstre,Herning
64-0 83/0743 Venstre,Herning
64-0 80/0441 Højre,Herning
13-3 34/0686 Højre,Hillerød
104-0 2/0766 Venstre,Hillerød
104-0 2/0000 Højre,Hillerød
13-0 34/0479 Venstre,Hillerød
104-0 0/0689 Højre,Hillerød
13-6 34/0300 Venstre,Hillerød
13-6 38/0640 Venstre,Hillerød
141-0 10/0040 Venstre,Hillerød
141-0 9/0880 Højre,Hillerød
13-0 31/0265 Højre,Hillerød
13-0 32/0315 Venstre,Hillerød
13-3 32/0600 Højre,Hillerød
13-0 35/0800 Venstre,Hillerød
13-4 33/0115 Venstre,Hillerød
104-0 4/0043 Venstre,Hillerød
104-0 4/0040 Venstre,Hillerød
141-0 8/0680 Venstre,Hillerød
141-0 11/0540 Højre,Hillerød
106-1 6/0280 Højre,Hillerød
106-0 5/0540 Højre,Hillerød
13-5 38/0640 Venstre,Hillerød
90-0 51/0100 Venstre,Hjørring
90-0 38/0534 Højre,Hjørring
90-0 29/0660 Venstre,Hjørring
90-0 31/0595 Højre,Hjørring
90-0 31/0515 Venstre,Hjørring
90-0 32/0185 Venstre,Hjørring
90-0 36/0320 Højre,Hjørring
90-0 36/0228 Højre,Hjørring
90-0 40/0367 Højre,Hjørring
90-0 40/0285 Venstre,Hjørring
451-0 8/0900 Venstre,Hjørring
90-0 44/0909 Højre,Hjørring
90-0 51/0980 Venstre,Hjørring
90-0 56/0138 Venstre,Hjørring
90-0 37/0338 Højre,Hjørring
90-0 42/0937 Højre,Hjørring
90-0 57/0613 Højre,Hjørring
90-0 52/0790 Højre,Hjørring
90-0 45/0037 Venstre,Hjørring
90-0 55/0390 Venstre,Hjørring
90-0 35/0400 Højre,Hjørring
90-0 55/0810 Højre,Hjørring
90-0 56/0457 Højre,Hjørring
448-0 15/0787 Højre,Hjørring
90-0 40/0660 Venstre,Hjørring
90-0 54/0374 Højre,Hjørring
90-0 55/0112 Højre,Hjørring
448-0 13/0084 Højre,Hjørring
4-1 0/1387 Venstre,Høje Tåstrup
4-1 0/0443 Højre,Høje Tåstrup
11-3 23/0673 Højre,Høje Tåstrup
11-0 26/0870 Højre,Høje Tåstrup
11-0 26/0871 Højre,Høje Tåstrup
11-0 21/0230 Venstre,Høje Tåstrup
11-6 23/0625 Venstre,Høje Tåstrup
11-0 28/0133 Venstre,Høje Tåstrup
11-0 29/0102 Højre,Høje Tåstrup
119-0 8/0204 Højre,Holbæk
119-0 13/0350 Venstre,Holbæk
119-0 2/0000 Venstre,Holbæk
11-0 70/0158 Venstre,Holbæk
11-0 71/0977 Højre,Holbæk
119-0 11/0132 Venstre,Holbæk
11-0 68/0900 Højre,Holbæk
11-0 63/0533 Venstre,Holbæk
11-0 63/0180 Højre,Holbæk
11-0 62/0050 Højre,Holbæk
11-0 62/0016 Højre,Holbæk
11-0 64/0467 Venstre,Holbæk
11-0 66/0757 Venstre,Holbæk
11-0 66/0866 Venstre,Holbæk
145-0 3/0900 Venstre,Holbæk
145-0 16/0800 Venstre,Holbæk
11-0 74/0562 Højre,Holbæk
11-0 68/0568 Venstre,Holbæk
119-0 8/0363 Højre,Holbæk
119-0 19/0520 Højre,Holbæk
119-0 24/0293 Højre,Holbæk
119-0 8/0008 Venstre,Holbæk
119-0 9/0233 Højre,Holbæk
119-0 11/0863 Højre,Holbæk
11-0 71/0137 Højre,Holbæk
145-0 17/0267 Venstre,Holbæk
11-0 55/0900 Højre,Holbæk
145-0 13/0380 Venstre,Holbæk
11-0 73/0624 Højre,Holbæk
145-0 4/0020 Højre,Holbæk
145-0 8/0465 Højre,Holbæk
64-0 95/0257 Venstre,Holstebro
64-0 97/0526 Venstre,Holstebro
64-0 101/0450 Højre,Holstebro
64-0 99/0031 Venstre,Holstebro
64-0 94/0498 Højre,Holstebro
64-0 99/0695 Højre,Holstebro
64-0 102/0516 Højre,Holstebro
429-0 31/0689 Venstre,Holstebro
429-0 31/0720 Venstre,Holstebro
429-0 34/0242 Venstre,Holstebro
64-0 106/0690 Venstre,Holstebro
64-0 104/0327 Venstre,Holstebro
64-0 93/0689 Højre,Holstebro
64-0 97/0989 Venstre,Holstebro
64-0 105/0928 Venstre,Holstebro
64-4 100/0400 Venstre,Holstebro
64-0 105/0321 Venstre,Holstebro
64-0 107/0320 Højre,Holstebro
64-0 90/0271 Venstre,Holstebro
64-0 92/0524 Højre,Holstebro
64-4 91/0780 Venstre,Holstebro
60-0 140/0464 Højre,Horsens
60-0 142/0644 Højre,Horsens
60-0 135/0830 Venstre,Horsens
60-0 138/0516 Højre,Horsens
60-0 131/0780 Venstre,Horsens
60-0 142/0053 Højre,Horsens
60-0 137/0250 Venstre,Horsens
60-0 139/0853 Venstre,Horsens
60-0 133/0007 Venstre,Horsens
60-0 133/0293 Højre,Horsens
60-0 141/0132 Højre,Horsens
60-0 141/0760 Højre,Horsens
60-0 139/0204 Højre,Horsens
3-0 55/0307 Venstre,Hvidovre
3-0 58/0183 Højre,Hvidovre
3-0 55/0400 Venstre,Hvidovre
3-0 56/0894 Venstre,Hvidovre
3-0 58/0776 Venstre,Hvidovre
3-0 52/0582 Venstre,Hvidovre
3-2 53/0301 Venstre,Hvidovre
3-0 57/0303 Højre,Hvidovre
3-0 57/0469 Højre,Hvidovre
11-0 10/0424 Venstre,Hvidovre
64-0 42/0041 Højre,Ikast-Brande
64-5 39/0980 Højre,Ikast-Brande
64-5 39/0880 Højre,Ikast-Brande
66-0 67/0250 Højre,Ikast-Brande
66-0 68/0945 Venstre,Ikast-Brande
66-0 69/0577 Højre,Ikast-Brande
66-0 70/0159 Højre,Ikast-Brande
66-0 71/0444 Højre,Ikast-Brande
66-0 73/0016 Højre,Ikast-Brande
66-0 73/0853 Højre,Ikast-Brande
66-0 74/0000 Venstre,Ikast-Brande
66-0 76/0125 Højre,Ikast-Brande
64-0 40/0368 Venstre,Ikast-Brande
64-0 36/0822 Venstre,Ikast-Brande
64-0 42/0416 Højre,Ikast-Brande
64-0 43/0345 Højre,Ikast-Brande
64-0 36/0331 Venstre,Ikast-Brande
64-0 42/0066 Højre,Ikast-Brande
64-0 45/0419 Venstre,Ikast-Brande
64-6 43/0100 Højre,Ikast-Brande
64-0 46/0738 Venstre,Ikast-Brande
66-0 65/0900 Højre,Ikast-Brande
66-0 59/0051 Venstre,Ikast-Brande
66-0 63/0449 Højre,Ikast-Brande
66-0 57/0794 Højre,Ikast-Brande
66-0 57/0724 Højre,Ikast-Brande
66-0 59/0081 Venstre,Ikast-Brande
66-0 63/0314 Højre,Ikast-Brande
66-0 61/0258 Højre,Ikast-Brande
64-0 40/0453 Venstre,Ikast-Brande
64-5 37/0580 Højre,Ikast-Brande
64-0 39/0146 Venstre,Ikast-Brande
64-0 46/0273 Venstre,Ikast-Brande
64-0 42/0413 Højre,Ikast-Brande
64-0 39/0184 Venstre,Ikast-Brande
64-0 36/0973 Venstre,Ikast-Brande
10-0 18/0967 Venstre,Ishøj
119-0 30/0960 Højre,Kalundborg
119-4 32/0200 Venstre,Kalundborg
119-0 33/0023 Venstre,Kalundborg
119-0 30/0471 Venstre,Kalundborg
119-0 30/0493 Venstre,Kalundborg
40-0 147/0289 Højre,Kerteminde
40-5 148/0770 Højre,Kerteminde
40-0 150/0634 Højre,Kerteminde
40-0 145/0205 Højre,Kerteminde
40-0 145/0154 Højre,Kerteminde
40-0 143/0818 Venstre,Kerteminde
3-0 60/0748 Højre,København
3-6 62/0100 Venstre,København
3-3 63/0078 Højre,København
20-0 43/0563 Højre,Køge
20-0 44/0753 Højre,Køge
20-0 45/0665 Højre,Køge
10-0 33/0775 Venstre,Køge
10-0 37/0140 Højre,Køge
10-0 37/0750 Venstre,Køge
20-12 41/0445 Højre,Køge
20-0 40/0513 Venstre,Køge
20-0 49/0743 Venstre,Køge
30-0 43/0600 Venstre,Køge
20-0 47/0236 Højre,Køge
30-0 45/0400 Venstre,Køge
10-0 35/0254 Højre,Køge
30-2 38/0775 Højre,Køge
30-0 41/0800 Venstre,Køge
30-0 42/0800 Højre,Køge
10-4 36/0630 Venstre,Køge
10-6 36/0309 Venstre,Køge
20-0 46/0265 Højre,Køge
10-2 37/0940 Venstre,Køge
20-0 42/0662 Højre,Køge
321-0 9/0410 Højre,Kolding
321-0 10/0415 Venstre,Kolding
321-0 11/0423 Højre,Kolding
50-0 73/0197 Venstre,Kolding
50-0 73/0825 Højre,Kolding
50-0 74/0409 Højre,Kolding
52-0 231/0808 Venstre,Kolding
52-0 232/0864 Venstre,Kolding
50-11 78/0289 Venstre,Kolding
52-0 234/0411 Venstre,Kolding
50-5 65/0109 Højre,Kolding
50-0 66/0456 Venstre,Kolding
321-0 9/0968 Højre,Kolding
50-0 71/0422 Venstre,Kolding
321-0 9/0967 Venstre,Kolding
321-0 12/0835 Venstre,Kolding
52-0 232/0455 Højre,Kolding
50-0 83/0334 Venstre,Kolding
50-0 67/0039 Højre,Kolding
50-0 70/0021 Højre,Kolding
50-0 70/0758 Højre,Kolding
50-0 84/0271 Venstre,Kolding
50-0 90/0931 Højre,Kolding
50-0 81/0015 Højre,Kolding
50-0 63/0374 Højre,Kolding
52-2 228/0976 Venstre,Kolding
321-0 4/0740 Venstre,Kolding
52-0 236/0897 Højre,Kolding
321-0 19/0619 Højre,Kolding
52-0 235/0675 Venstre,Kolding
52-0 229/0700 Venstre,Kolding
50-0 72/0641 Højre,Kolding
50-0 65/0782 Højre,Kolding
321-0 8/0279 Venstre,Kolding
321-0 5/0009 Højre,Kolding
50-0 87/0220 Højre,Kolding
50-0 93/0383 Højre,Kolding
50-0 69/0214 Venstre,Kolding
50-0 74/0780 Venstre,Kolding
50-0 75/0087 Venstre,Kolding
50-0 76/0184 Højre,Kolding
206-0 21/0414 Venstre,Langeland
206-0 24/0000 Højre,Langeland
206-0 20/0711 Højre,Langeland
206-0 18/0253 Højre,Langeland
206-0 22/0217 Højre,Langeland
11-0 44/0716 Højre,Lejre
11-0 54/0120 Venstre,Lejre
475-0 11/0676 Højre,Lemvig
475-0 14/0945 Venstre,Lemvig
133-0 24/0507 Venstre,Lolland
133-0 4/0168 Højre,Lolland
133-0 25/0423 Venstre,Lolland
133-0 12/0917 Højre,Lolland
133-0 26/0281 Venstre,Lolland
133-0 13/0746 Højre,Lolland
133-0 22/0350 Højre,Lolland
133-0 23/0582 Venstre,Lolland
133-0 27/0750 Venstre,Lolland
133-0 21/0664 Venstre,Lolland
133-0 5/0379 Højre,Lolland
14-2 35/0266 Venstre,Lyngby-Tårbæk
14-11 31/0540 Venstre,Lyngby-Tårbæk
70-0 228/0611 Venstre,Mariagerfjord
70-0 244/0488 Venstre,Mariagerfjord
70-0 245/0874 Højre,Mariagerfjord
70-0 245/0873 Højre,Mariagerfjord
70-0 236/0540 Venstre,Mariagerfjord
70-0 242/0366 Venstre,Mariagerfjord
70-0 230/0268 Højre,Mariagerfjord
70-0 240/0953 Højre,Mariagerfjord
70-0 235/0119 Venstre,Mariagerfjord
70-0 231/0443 Venstre,Mariagerfjord
70-0 227/0870 Venstre,Mariagerfjord
70-0 227/0796 Venstre,Mariagerfjord
70-0 238/0559 Højre,Mariagerfjord
70-0 245/0808 Højre,Mariagerfjord
70-4 233/0996 Højre,Mariagerfjord
40-0 195/0127 Venstre,Middelfart
40-0 192/0934 Venstre,Middelfart
Lillebælt Nord,Middelfart
40-0 197/0682 Højre,Middelfart
40-4 194/0608 Højre,Middelfart
40-0 189/0914 Venstre,Middelfart
40-0 192/0686 Venstre,Middelfart
40-0 187/0855 Venstre,Middelfart
40-4 191/0391 Højre,Middelfart
40-0 189/0300 Venstre,Middelfart
40-0 203/0300 Højre,Middelfart
40-0 202/0200 Venstre,Middelfart
40-5 201/0440 Højre,Middelfart
40-12 196/0920 Venstre,Middelfart
40-0 189/0554 Venstre,Middelfart
40-4 205/0060 Venstre,Middelfart
40-0 202/0660 Venstre,Middelfart
40-0 187/0886 Venstre,Middelfart
609-0 21/0813 Venstre,Middelfart
40-6 200/0460 Højre,Middelfart
40-0 198/0767 Venstre,Middelfart
40-0 193/0640 Venstre,Middelfart
609-0 25/0212 Venstre,Middelfart
40-0 200/0320 Venstre,Middelfart
609-0 23/0280 Venstre,Middelfart
40-0 200/0500 Højre,Middelfart
40-0 198/0867 Venstre,Middelfart
40-0 188/0776 Venstre,Middelfart
445-0 15/0960 Venstre,Morsø
628-0 6/0533 Højre,Næstved
628-0 4/0513 Højre,Næstved
126-0 11/0932 Venstre,Næstved
126-0 11/0993 Venstre,Næstved
126-0 12/0648 Højre,Næstved
126-0 12/0576 Venstre,Næstved
126-0 12/0796 Venstre,Næstved
30-0 71/0900 Højre,Næstved
30-0 74/0044 Venstre,Næstved
128-0 5/0380 Højre,Næstved
126-0 17/0260 Højre,Næstved
128-0 0/0500 Venstre,Næstved
128-5 3/0600 Venstre,Næstved
151-0 21/0415 Højre,Næstved
128-0 1/0915 Højre,Næstved
126-0 20/0126 Venstre,Næstved
126-0 22/0303 Højre,Næstved
126-0 14/0919 Venstre,Næstved
126-0 12/0304 Venstre,Næstved
30-0 75/0480 Højre,Næstved
128-0 0/0190 Højre,Næstved
128-0 4/0440 Højre,Næstved
128-0 2/0840 Venstre,Næstved
128-0 4/0070 Højre,Næstved
128-0 3/0950 Højre,Næstved
128-0 1/0330 Venstre,Næstved
126-0 12/0348 Venstre,Næstved
126-0 11/0990 Højre,Næstved
126-0 12/0289 Højre,Næstved
126-0 12/0346 Højre,Næstved
614-0 5/0890 Højre,Næstved
128-6 3/0220 Højre,Næstved
128-3 6/0800 Venstre,Næstved
30-0 78/0180 Højre,Næstved
30-0 70/0520 Venstre,Næstved
30-0 73/0275 Venstre,Næstved
617-0 0/0794 Højre,Næstved
617-0 8/0660 Højre,Næstved
30-6 76/0300 Venstre,Næstved
128-0 1/0230 Venstre,Næstved
126-0 11/0957 Højre,Næstved
628-0 3/0515 Venstre,Næstved
401-0 52/0281 Venstre,Norddjurs
415-0 37/0952 Venstre,Norddjurs
401-0 56/0330 Venstre,Norddjurs
415-0 52/0103 Højre,Norddjurs
40-0 140/0480 Venstre,Nyborg
40-0 136/0600 Venstre,Nyborg
40-0 142/0260 Venstre,Nyborg
40-0 137/0955 Højre,Nyborg
704-0 4/0005 Venstre,Nyborg
704-0 2/0453 Højre,Nyborg
40-0 137/0167 Venstre,Nyborg
704-0 4/0865 Højre,Nyborg
704-0 10/0225 Højre,Nyborg
704-0 3/0120 Højre,Nyborg
40-0 139/0309 Venstre,Nyborg
704-0 2/0450 Venstre,Nyborg
40-0 141/0093 Venstre,Nyborg
40-0 169/0908 Venstre,Odense
40-0 157/0480 Venstre,Odense
40-5 156/0720 Venstre,Odense
521-0 8/0907 Venstre,Odense
40-0 153/0166 Venstre,Odense
40-0 167/0207 Højre,Odense
40-5 161/0547 Højre,Odense
40-0 151/0325 Venstre,Odense
40-0 162/0220 Venstre,Odense
40-0 165/0666 Venstre,Odense
41-0 6/0571 Venstre,Odense
40-0 167/0700 Højre,Odense
40-0 170/0292 Højre,Odense
40-6 158/0340 Venstre,Odense
40-0 164/0907 Venstre,Odense
40-5 172/0721 Højre,Odense
41-0 9/0494 Højre,Odense
40-4 152/0158 Venstre,Odense
40-0 170/0990 Venstre,Odense
40-3 155/0600 Venstre,Odense
40-0 159/0680 Højre,Odense
41-0 7/0007 Højre,Odense
40-4 156/0360 Venstre,Odense
40-0 156/0516 Venstre,Odense
40-0 151/0500 Højre,Odense
123-0 18/0078 Venstre,Odsherred
11-0 84/0537 Højre,Odsherred
11-0 82/0928 Venstre,Odsherred
11-0 75/0450 Venstre,Odsherred
11-3 84/0000 Højre,Odsherred
11-0 76/0474 Højre,Odsherred
11-0 82/0269 Venstre,Odsherred
11-0 81/0600 Venstre,Odsherred
11-0 77/0620 Venstre,Odsherred
11-0 87/1268 Højre,Odsherred
11-0 90/0159 Venstre,Odsherred
11-0 90/0237 Venstre,Odsherred
11-0 87/0005 Venstre,Odsherred
11-0 80/0061 Højre,Odsherred
123-0 21/0729 Venstre,Odsherred
11-0 94/0153 Venstre,Odsherred
11-0 75/0231 Venstre,Odsherred
11-0 78/0649 Højre,Odsherred
11-0 83/0414 Venstre,Odsherred
415-8 5/0891 Højre,Randers
415-0 10/0514 Venstre,Randers
415-0 9/0058 Højre,Randers
416-0 3/0600 Venstre,Randers
415-0 3/0914 Venstre,Randers
70-0 220/0073 Højre,Randers
415-0 3/0895 Højre,Randers
70-0 205/0393 Højre,Randers
70-0 213/0500 Højre,Randers
70-3 215/0571 Højre,Randers
70-0 201/0463 Højre,Randers
70-0 218/0706 Venstre,Randers
70-0 220/0042 Højre,Randers
70-0 224/0799 Venstre,Randers
70-0 224/0731 Venstre,Randers
415-0 5/0130 Venstre,Randers
415-0 3/0831 Venstre,Randers
70-0 203/0184 Højre,Randers
70-0 201/0504 Venstre,Randers
70-0 215/0618 Højre,Randers
415-0 5/0637 Højre,Randers
415-4 7/0072 Venstre,Randers
415-0 7/0435 Højre,Randers
415-0 6/0575 Venstre,Randers
70-0 217/0979 Højre,Randers
415-0 5/0723 Højre,Randers
70-0 223/0336 Venstre,Randers
411-0 49/0227 Højre,Rebild
70-0 247/0974 Højre,Rebild
70-0 250/0012 Højre,Rebild
70-0 254/0343 Venstre,Rebild
70-0 255/0619 Højre,Rebild
70-0 257/0595 Højre,Rebild
70-0 259/0178 Venstre,Rebild
70-0 259/0957 Højre,Rebild
70-0 260/0222 Venstre,Rebild
70-0 260/0554 Højre,Rebild
411-0 46/0557 Højre,Rebild
70-0 254/0814 Højre,Rebild
70-0 264/0327 Venstre,Rebild
70-0 247/0066 Venstre,Rebild
70-0 247/0077 Højre,Rebild
70-0 258/0108 Højre,Rebild
70-0 249/0243 Venstre,Rebild
70-0 253/0300 Højre,Rebild
70-11 264/0074 Venstre,Rebild
70-0 259/0126 Venstre,Rebild
70-0 263/0200 Højre,Rebild
70-6 272/0592 Venstre,Rebild
70-5 261/0167 Højre,Rebild
70-0 271/0055 Venstre,Rebild
411-0 44/0777 Venstre,Rebild
70-0 262/0311 Venstre,Rebild
70-0 252/0708 Højre,Rebild
70-0 266/0782 Højre,Rebild
70-0 251/0715 Venstre,Rebild
70-0 269/0461 Højre,Rebild
339-0 17/0895 Venstre,Ringkøbing-Skjern
404-0 21/0538 Venstre,Ringkøbing-Skjern
349-0 13/0307 - 13/0319 Venstre,Ringkøbing-Skjern
418-0 3/0371 Venstre,Ringkøbing-Skjern
418-0 3/0304 Venstre,Ringkøbing-Skjern
349-0 22/0760 Venstre,Ringkøbing-Skjern
418-0 5/0739 Venstre,Ringkøbing-Skjern
20-0 60/0070 Venstre,Ringsted
20-0 62/0880 Venstre,Ringsted
20-0 62/0960 Venstre,Ringsted
20-0 66/0220 Venstre,Ringsted
20-0 58/0981 Højre,Ringsted
20-0 58/0250 Højre,Ringsted
20-0 56/0320 Højre,Ringsted
151-0 3/0380 Højre,Ringsted
102-0 55/0344 Venstre,Ringsted
20-0 67/0460 Venstre,Ringsted
102-0 58/0316 Venstre,Ringsted
20-11 51/0317 Venstre,Ringsted
20-6 60/0640 Venstre,Ringsted
102-0 60/0060 Højre,Ringsted
102-0 57/0295 Venstre,Ringsted
20-0 66/0835 Venstre,Ringsted
3-1 46/0414 Højre,Rødovre
3-0 44/0605 Venstre,Rødovre
12-2 8/0214 Venstre,Rødovre
3-1 46/0900 Venstre,Rødovre
11-6 36/1500 Venstre,Roskilde
11-0 30/0609 Højre,Roskilde
11-3 34/0600 Højre,Roskilde
11-0 36/0246 Højre,Roskilde
138-0 7/0140 Højre,Roskilde
138-0 3/0920 Venstre,Roskilde
11-0 33/0400 Venstre,Roskilde
138-0 5/0230 Venstre,Roskilde
11-0 29/0215 Højre,Roskilde
11-0 32/0580 Venstre,Roskilde
11-0 39/0847 Højre,Roskilde
136-0 3/1020 Venstre,Roskilde
138-0 5/0329 Højre,Roskilde
11-6 36/0659 Venstre,Roskilde
11-4 31/0154 Venstre,Roskilde
11-0 37/0619 Højre,Roskilde
138-0 7/0800 Venstre,Roskilde
11-0 32/0842 Venstre,Roskilde
11-5 30/0885 Venstre,Roskilde
138-0 7/0750 Venstre,Roskilde
136-0 14/0100 Venstre,Roskilde
11-0 30/0120 Højre,Roskilde
14-0 24/0960 Venstre,Rudersdal
14-0 29/0221 Højre,Rudersdal
14-0 31/0080 Højre,Rudersdal
14-0 26/0521 Venstre,Rudersdal
14-0 27/0234 Venstre,Rudersdal
14-6 26/0678 Venstre,Rudersdal
14-0 27/0063 Højre,Rudersdal
348-0 47/0170 Venstre,Silkeborg
66-0 31/0920 Højre,Silkeborg
66-0 35/0700 Højre,Silkeborg
66-0 36/0887 Venstre,Silkeborg
66-0 34/0344 Højre,Silkeborg
66-0 31/0972 Højre,Silkeborg
66-0 39/0933 Venstre,Silkeborg
66-0 38/0198 Venstre,Silkeborg
66-0 38/0147 Venstre,Silkeborg
66-0 46/0940 Venstre,Silkeborg
66-0 40/0846 Venstre,Silkeborg
66-0 44/0922 Venstre,Silkeborg
66-0 38/0912 Højre,Silkeborg
66-0 46/0639 Venstre,Silkeborg
66-0 54/0285 Venstre,Silkeborg
66-0 52/0567 Venstre,Silkeborg
66-0 43/0078 Højre,Silkeborg
66-0 39/0511 Højre,Silkeborg
66-0 50/0635 Venstre,Silkeborg
66-0 49/0262 Venstre,Silkeborg
66-0 38/0882 Højre,Silkeborg
66-0 39/0551 Højre,Silkeborg
66-0 36/0880 Højre,Silkeborg
66-0 56/0500 Højre,Silkeborg
66-0 51/0444 Venstre,Silkeborg
66-0 56/0349 Højre,Silkeborg
66-0 34/0328 Højre,Silkeborg
66-0 33/0092 Højre,Silkeborg
66-0 31/0260 Højre,Silkeborg
66-0 33/0068 Højre,Silkeborg
66-0 35/0684 Højre,Silkeborg
66-4 44/0853 Venstre,Silkeborg
66-0 50/0084 Venstre,Silkeborg
66-0 49/0389 Højre,Silkeborg
66-0 54/0161 Venstre,Silkeborg
66-0 29/0125 Højre,Skanderborg
60-3 154/0680 Højre,Skanderborg
60-0 153/0620 Højre,Skanderborg
60-0 146/0655 Højre,Skanderborg
66-0 23/0313 Venstre,Skanderborg
60-0 145/0822 Højre,Skanderborg
66-0 26/0390 Højre,Skanderborg
60-0 148/0083 Højre,Skanderborg
60-4 154/0960 Venstre,Skanderborg
60-0 147/0095 Højre,Skanderborg
60-0 166/0961 Højre,Skanderborg
60-0 161/0914 Højre,Skanderborg
60-0 144/0753 Højre,Skanderborg
60-0 162/0118 Venstre,Skanderborg
60-0 163/0702 Højre,Skanderborg
60-0 166/0025 Højre,Skanderborg
60-0 154/0535 Venstre,Skanderborg
60-0 145/0170 Højre,Skanderborg
60-0 160/0609 Venstre,Skanderborg
60-0 145/0639 Venstre,Skanderborg
60-0 147/0045 Venstre,Skanderborg
60-0 151/0164 Venstre,Skanderborg
60-0 148/0575 Højre,Skanderborg
66-0 20/0268 Venstre,Skanderborg
66-0 22/0053 Venstre,Skanderborg
66-0 29/0358 Venstre,Skanderborg
66-0 27/0831 Venstre,Skanderborg
66-0 29/0506 Venstre,Skanderborg
60-0 147/0269 Venstre,Skanderborg
60-0 151/0536 Venstre,Skanderborg
60-0 149/0636 Højre,Skanderborg
66-0 29/0858 Højre,Skanderborg
66-0 28/0246 Højre,Skanderborg
66-0 29/0826 Højre,Skanderborg
60-6 152/0547 Højre,Skanderborg
60-0 158/0060 Venstre,Skanderborg
60-3 160/0100 Højre,Skanderborg
60-0 161/0472 Højre,Skanderborg
66-0 17/0866 Højre,Skanderborg
66-0 25/0495 Venstre,Skanderborg
60-0 162/0840 Højre,Skanderborg
60-0 155/0457 Venstre,Skanderborg
60-0 158/0717 Højre,Skanderborg
60-0 159/0000 Højre,Skanderborg
60-0 159/0473 Venstre,Skanderborg
60-0 164/0440 Højre,Skanderborg
442-0 13/0486 Højre,Skive
443-0 5/0337 Højre,Skive
443-0 2/0925 Venstre,Skive
430-0 21/0950 Venstre,Skive
443-0 0/0878 Venstre,Skive
443-0 6/0564 Højre,Skive
443-0 7/0029 Højre,Skive
442-0 13/0649 Venstre,Skive
443-0 5/0379 Højre,Skive
430-0 20/0781 Højre,Skive
127-0 32/0225 Venstre,Slagelse
20-0 100/0288 Højre,Slagelse
20-0 100/0306 Venstre,Slagelse
20-0 85/0261 Venstre,Slagelse
127-0 32/0878 Venstre,Slagelse
127-0 34/0333 Højre,Slagelse
20-0 84/0160 Højre,Slagelse
127-0 37/0500 Venstre,Slagelse
20-0 90/0214 Venstre,Slagelse
127-0 35/0779 Venstre,Slagelse
20-0 80/0920 Højre,Slagelse
127-0 39/0951 Venstre,Slagelse
20-0 86/0790 Højre,Slagelse
20-0 91/0833 Venstre,Slagelse
20-0 82/0700 Venstre,Slagelse
20-0 91/0520 Venstre,Slagelse
10-5 32/0550 Højre,Solrød
10-0 27/0600 Venstre,Solrød
10-0 30/0470 Højre,Solrød
10-5 32/0200 Højre,Solrød
10-0 28/0580 Højre,Solrød
10-0 30/0640 Højre,Solrød
138-0 14/0300 Venstre,Solrød
10-0 29/0592 Højre,Solrød
10-0 28/0200 Højre,Solrød
10-3 32/0180 Højre,Solrød
10-0 33/0380 Venstre,Solrød
316-0 32/0318 Venstre,Sønderborg
316-0 41/0880 Venstre,Sønderborg
51-0 19/0000 Venstre,Sønderborg
51-0 21/0659 Højre,Sønderborg
51-0 10/0485 Venstre,Sønderborg
51-0 18/0500 Højre,Sønderborg
316-0 36/0896 Højre,Sønderborg
51-0 17/0237 Højre,Sønderborg
51-0 23/0954 Venstre,Sønderborg
51-0 9/0786 Venstre,Sønderborg
51-0 14/0925 Højre,Sønderborg
51-3 22/0405 Venstre,Sønderborg
51-6 26/0601 Venstre,Sønderborg
316-0 32/0964 Højre,Sønderborg
316-0 35/0400 Venstre,Sønderborg
316-0 36/0315 Højre,Sønderborg
51-3 24/0800 Højre,Sønderborg
51-0 15/0832 Højre,Sønderborg
316-0 37/0467 Venstre,Sønderborg
316-0 32/0793 Højre,Sønderborg
51-0 21/0171 Venstre,Sønderborg
20-3 75/0800 Venstre,Sorø
20-0 69/0460 Højre,Sorø
20-0 79/0540 Venstre,Sorø
20-0 69/0380 Højre,Sorø
20-0 71/0760 Venstre,Sorø
20-0 78/0257 Højre,Sorø
20-0 76/0660 Højre,Sorø
20-0 74/0420 Højre,Sorø
20-12 73/0575 Venstre,Sorø
20-12 73/0100 Venstre,Sorø
206-0 9/0200 Højre,Svendborg
41-0 35/0106 Højre,Svendborg
41-0 38/0600 Højre,Svendborg
41-0 40/0300 Venstre,Svendborg
41-0 33/0822 Højre,Svendborg
41-3 35/0572 Højre,Svendborg
41-4 40/0400 Højre,Svendborg
41-0 40/0884 Venstre,Svendborg
41-0 39/0318 Venstre,Svendborg
41-0 33/0100 Højre,Svendborg
41-0 36/0507 Venstre,Svendborg
41-3 35/0475 Højre,Svendborg
41-0 31/0963 Højre,Svendborg
714-0 3/0113 Venstre,Svendborg
41-0 31/0070 Venstre,Svendborg
206-0 7/0685 Højre,Svendborg
401-0 28/0719 Højre,Syddjurs
401-0 20/0906 Højre,Syddjurs
401-0 32/0988 Højre,Syddjurs
414-0 30/0424 Højre,Syddjurs
401-0 26/0140 Venstre,Syddjurs
401-0 29/0912 Venstre,Syddjurs
414-0 23/0988 Venstre,Syddjurs
401-0 18/0362 Højre,Syddjurs
401-5 18/0452 Højre,Syddjurs
401-0 22/0343 Højre,Syddjurs
401-0 23/0828 Højre,Syddjurs
401-3 30/0863 Højre,Syddjurs
414-0 28/0532 Venstre,Syddjurs
401-0 33/2288 Venstre,Syddjurs
414-0 30/0417 Venstre,Syddjurs
414-0 26/0054 Venstre,Syddjurs
3-0 59/0292 Venstre,Tårnby
3-0 60/0257 Venstre,Tårnby
480-0 4/0398 Højre,Thisted
480-0 8/0472 Højre,Thisted
480-0 10/0067 Højre,Thisted
426-0 2/0593 Venstre,Thisted
426-0 1/0484 Venstre,Thisted
10-0 14/0300 Venstre,Vallensbæk
370-0 61/0418 Venstre,Varde
370-0 63/0100 Venstre,Varde
370-0 64/0697 Højre,Varde
370-0 51/0976 Venstre,Varde
52-0 243/0981 Højre,Vejen
52-0 252/0714 Højre,Vejen
52-0 237/0224 Venstre,Vejen
52-0 249/0420 Højre,Vejen
52-0 257/0700 Venstre,Vejen
52-0 257/0881 Venstre,Vejen
52-0 262/0787 Højre,Vejen
52-0 254/0981 Højre,Vejen
52-0 252/0802 Højre,Vejen
52-0 266/0259 Venstre,Vejen
52-0 247/0330 Højre,Vejen
52-0 239/0997 Højre,Vejen
52-0 260/0777 Venstre,Vejen
52-0 255/0785 Venstre,Vejen
52-0 264/0908 Højre,Vejen
52-0 256/0500 Venstre,Vejen
52-0 241/0084 Venstre,Vejen
52-0 263/0769 Højre,Vejen
52-0 261/0581 Venstre,Vejen
52-0 247/0357 Højre,Vejen
52-0 244/0848 Højre,Vejen
52-0 247/0149 Højre,Vejen
528-0 17/0265 Venstre,Vejle
528-0 17/0264 Højre,Vejle
60-0 112/0756 Højre,Vejle
60-0 111/0460 Højre,Vejle
60-0 103/0707 Venstre,Vejle
60-0 103/0119 Venstre,Vejle
60-0 102/0400 Højre,Vejle
60-0 101/0122 Højre,Vejle
60-0 100/0152 Venstre,Vejle
60-0 99/0675 Højre,Vejle
60-0 99/0110 Venstre,Vejle
363-0 22/0458 Højre,Vejle
363-0 22/0531 Venstre,Vejle
363-0 22/0517 Højre,Vejle
60-12 102/0216 Højre,Vejle
340-0 12/0925 Venstre,Vejle
64-0 21/0645 Venstre,Vejle
64-0 16/0945 Venstre,Vejle
340-0 16/0578 Venstre,Vejle
64-0 25/0035 Højre,Vejle
60-0 109/0652 Venstre,Vejle
60-0 107/0836 Højre,Vejle
60-2 98/0149 Venstre,Vejle
64-0 35/0121 Venstre,Vejle
64-1 2/0775 Venstre,Vejle
64-0 32/0472 Højre,Vejle
64-0 26/0097 Højre,Vejle
64-0 29/0124 Venstre,Vejle
528-0 9/0536 Højre,Vejle
60-0 107/0860 Højre,Vejle
60-0 105/0559 Venstre,Vejle
60-0 112/0167 Højre,Vejle
64-0 1/0561 Højre,Vejle
64-0 22/0370 Højre,Vejle
64-0 22/0314 Højre,Vejle
64-0 22/0225 Højre,Vejle
64-0 28/0834 Højre,Vejle
64-0 33/0861 Venstre,Vejle
340-0 11/0418 Højre,Vejle
64-0 35/1735 Venstre,Vejle
363-0 18/0338 Højre,Vejle
340-0 13/0273 Venstre,Vejle
60-0 99/0777 Højre,Vejle
64-0 35/1187 Højre,Vejle
528-0 12/0465 Venstre,Vejle
528-0 9/0918 Højre,Vejle
64-0 31/0100 Højre,Vejle
64-0 19/0782 Højre,Vejle
64-0 2/0335 Højre,Vejle
64-0 28/0212 Højre,Vejle
64-0 23/0160 Venstre,Vejle
64-0 24/0830 Højre,Vejle
64-0 2/0354 Venstre,Vejle
363-0 13/0083 Venstre,Vejle
340-0 17/0362 Højre,Vejle
363-0 24/0218 Højre,Vejle
363-0 14/0646 Højre,Vejle
340-0 11/0896 Venstre,Vejle
64-0 3/0411 Venstre,Vejle
64-1 1/0740 Højre,Vejle
528-0 12/0290 Venstre,Vejle
340-0 13/0258 Venstre,Vejle
363-0 18/0029 Højre,Vejle
363-0 11/0180 Venstre,Vejle
340-0 14/0535 Venstre,Vejle
363-0 17/0683 Venstre,Vejle
363-0 12/0067 Venstre,Vejle
64-0 26/0827 Højre,Vejle
64-0 30/0353 Højre,Vejle
64-0 19/0967 Højre,Vejle
64-0 17/0865 Højre,Vejle
64-0 16/0140 Venstre,Vejle
64-0 14/0220 Højre,Vejle
340-0 13/0521 Højre,Vejle
363-0 15/0501 Venstre,Vejle
64-12 18/0789 Højre,Vejle
60-6 114/0600 Højre,Vejle
64-2 2/0686 Venstre,Vejle
340-0 16/0020 Højre,Vejle
600514-0 4/0871 Højre,Vejle
467-0 28/0998 Venstre,Vesthimmerlands
407-0 49/0154 Højre,Viborg
407-0 49/0576 Højre,Viborg
441-0 7/0541 Venstre,Viborg
407-0 53/0000 Venstre,Viborg
409-0 0/0889 Venstre,Viborg
407-0 55/0095 Venstre,Viborg
441-0 9/1455 Højre,Viborg
416-0 21/0341 Venstre,Viborg
441-0 4/0988 Venstre,Viborg
416-0 33/0103 Højre,Viborg
407-0 49/0985 Højre,Viborg
407-0 50/0259 Højre,Viborg
407-0 56/0608 Venstre,Viborg
441-0 7/0711 Højre,Viborg
619-0 10/0340 Højre,Vordingborg
30-0 96/0060 Højre,Vordingborg
30-0 97/0331 Venstre,Vordingborg
30-0 98/0220 Højre,Vordingborg
30-0 86/0100 Venstre,Vordingborg
30-0 99/0750 Højre,Vordingborg
30-0 94/0590 Højre,Vordingborg
30-0 102/0550 Venstre,Vordingborg
30-0 89/0998 Højre,Vordingborg
30-0 102/0820 Højre,Vordingborg
30-0 93/0880 Venstre,Vordingborg
30-0 80/0340 Venstre,Vordingborg
30-0 80/0560 Venstre,Vordingborg
30-0 80/0620 Højre,Vordingborg
30-0 80/0720 Højre,Vordingborg
30-0 82/0520 Venstre,Vordingborg
30-0 83/0660 Højre,Vordingborg
30-0 84/0160 Højre,Vordingborg
30-0 91/0893 Venstre,Vordingborg
30-0 92/0760 Højre,Vordingborg
